congress,chamber,icpsr,state_icpsr,district_code,state_abbrev,party_code,occupancy,last_means,bioname,bioguide_id,born,died,nominate_dim1,nominate_dim2,nominate_log_likelihood,nominate_geo_mean_probability,nominate_number_of_votes,nominate_number_of_errors,conditional,nokken_poole_dim1,nokken_poole_dim2
116,President,99912,99,0.0,USA,200,0,0,"TRUMP, Donald John",,1946,,0.403,0.162,,,,,,,
116,House,20301,41,3.0,AL,200,,,"ROGERS, Mike Dennis",R000575,1958,,0.379,0.377,-160.3374,0.81047,763,67,,0.52,0.388
116,House,21102,41,7.0,AL,100,,,"SEWELL, Terri",S001185,1965,,-0.401,0.393,-28.10821,0.965,789,12,,-0.43,0.384
116,House,21192,41,2.0,AL,200,,,"ROBY, Martha",R000591,1976,,0.362,0.658,-90.42097,0.88244,723,31,,0.346,0.672
116,House,21193,41,5.0,AL,200,,,"BROOKS, Mo",B001274,1954,,0.652,-0.417,-140.71682,0.83962,805,57,,0.772,-0.337
116,House,21376,41,1.0,AL,200,,,"BYRNE, Bradley",B001289,1955,,0.61,0.25,-107.81607,0.85611,694,42,,0.702,0.194
116,House,21500,41,6.0,AL,200,,,"PALMER, Gary James",P000609,1954,,0.677,0.115,-96.87946,0.88431,788,38,,0.669,0.085
116,House,29701,41,4.0,AL,200,,,"ADERHOLT, Robert",A000055,1965,,0.405,0.467,-113.91383,0.86029,757,45,,0.449,0.499
116,House,14066,81,1.0,AK,200,,,"YOUNG, Donald Edwin",Y000033,1933,2022.0,0.283,0.022,-225.61247,0.74545,768,84,,0.336,0.085
116,House,21995,93,0.0,AS,200,,,"RADEWAGEN, Aumua Amata Coleman",R000600,1947,,0.325,0.186,-16.13528,0.7642,60,7,,0.413,0.014
116,House,20305,61,3.0,AZ,100,,,"GRIJALVA, Raúl M.",G000551,1948,,-0.598,-0.264,-23.04466,0.97052,770,9,,-0.594,-0.543
116,House,20902,61,2.0,AZ,100,,,"KIRKPATRICK, Ann",K000368,1950,,-0.169,-0.01,-45.98655,0.93762,714,18,,-0.369,0.401
116,House,21103,61,4.0,AZ,200,,,"GOSAR, Paul",G000565,1958,,0.704,-0.518,-105.20123,0.86977,754,33,,0.919,-0.395
116,House,21105,61,6.0,AZ,200,,,"SCHWEIKERT, David",S001183,1962,,0.554,-0.224,-196.60826,0.78425,809,83,,0.521,-0.312
116,House,21502,61,7.0,AZ,100,,,"GALLEGO, Ruben",G000574,1979,,-0.359,0.14,-24.53846,0.96972,798,10,,-0.431,0.046
116,House,21705,61,5.0,AZ,200,,,"BIGGS, Andrew S.",B001302,1958,,0.818,-0.575,-96.2597,0.88583,794,33,,1.0,-0.03
116,House,21739,61,1.0,AZ,100,,,"O'HALLERAN, Thomas C.",O000171,1946,,-0.198,0.18,-43.50479,0.94701,799,16,,-0.333,0.404
116,House,21757,61,8.0,AZ,200,,,"LESKO, Debbie",L000589,1958,,0.616,-0.104,-111.06593,0.86931,793,53,,0.591,0.019
116,House,21968,61,9.0,AZ,100,,,"STANTON, Greg",S001211,1970,,-0.276,0.261,-32.02672,0.96119,809,9,,-0.313,-0.042
116,House,21106,42,1.0,AR,200,,,"CRAWFORD, Rick",C001087,1966,,0.46,0.309,-81.05613,0.89704,746,32,,0.508,0.518
116,House,21108,42,3.0,AR,200,,,"WOMACK, Steve",W000809,1957,,0.348,0.636,-70.51181,0.91673,811,28,,0.382,0.599
116,House,21503,42,2.0,AR,200,,,"HILL, French",H001072,1956,,0.437,0.271,-92.29017,0.89168,805,34,,0.421,0.337
116,House,21563,42,4.0,AR,200,,,"WESTERMAN, Bruce Eugene",W000821,1967,,0.546,0.253,-77.95345,0.90671,796,31,,0.557,0.395
116,House,15448,71,12.0,CA,100,,,"PELOSI, Nancy",P000197,1940,,-0.49,-0.181,-1.08562,0.98416,68,0,,-0.399,0.23
116,House,20104,71,28.0,CA,100,,,"SCHIFF, Adam",S001150,1960,,-0.352,-0.11,-14.83516,0.98183,809,4,,-0.427,-0.005
116,House,20108,71,53.0,CA,100,,,"DAVIS, Susan A.",D000598,1944,,-0.343,-0.103,-15.76482,0.98049,800,4,,-0.341,-0.007
116,House,20307,71,22.0,CA,200,,,"NUNES, Devin",N000181,1973,,0.45,0.223,-81.10016,0.90371,801,30,,0.462,0.366
116,House,20310,71,38.0,CA,100,,,"SÁNCHEZ, Linda T.",S001156,1969,,-0.508,-0.131,-13.16211,0.98341,787,5,,-0.523,-0.037
116,House,20501,71,16.0,CA,100,,,"COSTA, Jim",C001059,1952,,-0.198,0.447,-94.39728,0.88896,802,29,,-0.373,0.757
116,House,20538,71,6.0,CA,100,,,"MATSUI, Doris",M001163,1944,,-0.434,-0.142,-27.9085,0.96588,804,9,,-0.42,0.083
116,House,20702,71,9.0,CA,100,,,"McNERNEY, Jerry",M001166,1951,,-0.263,-0.159,-19.97492,0.97494,787,8,,-0.428,-0.167
116,House,20703,71,23.0,CA,200,,,"MCCARTHY, Kevin",M001165,1965,,0.453,0.233,-93.5791,0.88816,789,41,,0.424,0.371
116,House,20762,71,14.0,CA,100,,,"SPEIER, Karen Lorraine Jacqueline (Jackie)",S001175,1950,,-0.381,-0.41,-40.95259,0.9484,773,9,,-0.316,-0.227
116,House,20903,71,4.0,CA,200,,,"McCLINTOCK, Tom",M001177,1956,,0.672,-0.37,-162.79054,0.81399,791,81,,0.645,-0.386
116,House,20955,71,27.0,CA,100,,,"CHU, Judy",C001080,1953,,-0.482,-0.37,-16.12187,0.98027,809,6,,-0.437,-0.42
116,House,20958,71,3.0,CA,100,,,"GARAMENDI, John",G000559,1945,,-0.313,-0.096,-31.59292,0.96114,797,9,,-0.303,-0.032
116,House,20963,71,50.0,CA,200,,,"HUNTER, Duncan Duane",H001048,1976,,0.539,0.085,-124.54558,0.79736,550,57,,0.637,-0.1
116,House,21110,71,37.0,CA,100,,,"BASS, Karen",B001270,1953,,-0.584,-0.098,-16.74924,0.97843,768,8,,-0.572,-0.369
116,House,21302,71,1.0,CA,200,,,"LaMALFA, Doug",L000578,1960,,0.541,0.011,-123.88918,0.85417,786,49,,0.507,0.083
116,House,21303,71,2.0,CA,100,,,"HUFFMAN, Jared",H001068,1964,,-0.431,-0.511,-28.09056,0.96485,785,10,,-0.428,-0.684
116,House,21304,71,7.0,CA,100,,,"BERA, Ami",B001287,1965,,-0.246,0.007,-28.76154,0.96511,810,11,,-0.363,0.303
116,House,21305,71,8.0,CA,200,,,"COOK, Paul",C001094,1943,,0.372,0.208,-106.11394,0.87064,766,43,,0.323,0.37
116,House,21306,71,15.0,CA,100,,,"SWALWELL, Eric",S001193,1980,,-0.354,-0.047,-21.83709,0.96572,626,7,,-0.521,0.264
116,House,21308,71,26.0,CA,100,,,"BROWNLEY, Julia",B001285,1952,,-0.303,0.049,-29.94602,0.96317,798,12,,-0.369,0.216
116,House,21309,71,29.0,CA,100,,,"CÁRDENAS, Tony",C001097,1963,,-0.39,-0.046,-29.34938,0.9627,772,14,,-0.45,0.043
116,House,21311,71,36.0,CA,100,,,"RUIZ, Raul",R000599,1972,,-0.258,0.045,-40.76935,0.95097,811,18,,-0.392,0.219
116,House,21312,71,41.0,CA,100,,,"TAKANO, Mark",T000472,1960,,-0.458,-0.328,-18.65424,0.97684,796,7,,-0.408,-0.353
116,House,21313,71,47.0,CA,100,,,"LOWENTHAL, Alan",L000579,1941,,-0.449,-0.384,-16.31742,0.98003,809,4,,-0.482,-0.52
116,House,21314,71,51.0,CA,100,,,"VARGAS, Juan",V000130,1961,,-0.397,0.024,-30.98437,0.96163,792,11,,-0.554,-0.187
116,House,21315,71,52.0,CA,100,,,"PETERS, Scott",P000608,1958,,-0.193,-0.033,-60.94854,0.92584,791,24,,-0.227,0.179
116,House,21504,71,11.0,CA,100,,,"DESAULNIER, Mark James",D000623,1952,,-0.514,-0.363,-16.14983,0.98006,802,7,,-0.453,-0.608
116,House,21506,71,31.0,CA,100,,,"AGUILAR, Peter Rey",A000371,1979,,-0.323,0.139,-47.66734,0.94244,804,19,,-0.443,0.395
116,House,21507,71,33.0,CA,100,,,"LIEU, Ted",L000582,1969,,-0.376,-0.208,-25.97431,0.967,774,9,,-0.592,-0.169
116,House,21508,71,35.0,CA,100,,,"TORRES, Norma Judith",T000474,1965,,-0.368,0.071,-32.92302,0.95968,800,12,,-0.395,0.075
116,House,21703,71,44.0,CA,100,,,"BARRAGÁN, Nanette Diaz",B001300,1976,,-0.501,-0.121,-20.35785,0.97481,798,11,,-0.492,-0.486
116,House,21709,71,24.0,CA,100,,,"CARBAJAL, Salud",C001112,1964,,-0.325,0.1,-16.42855,0.97995,811,4,,-0.357,0.077
116,House,21711,71,46.0,CA,100,,,"CORREA, Jose Luis",C001110,1958,,-0.284,0.15,-55.90594,0.93234,798,26,,-0.341,0.169
116,House,21728,71,17.0,CA,100,,,"KHANNA, Rohit",K000389,1976,,-0.464,-0.303,-39.84293,0.95194,809,14,,-0.323,-0.665
116,House,21740,71,20.0,CA,100,,,"PANETTA, James Varni",P000613,1969,,-0.289,0.185,-34.63008,0.9582,811,14,,-0.306,0.238
116,House,21754,71,34.0,CA,100,,,"GOMEZ, Jimmy",G000585,1974,,-0.534,-0.263,-28.32445,0.96538,804,11,,-0.416,-0.569
116,House,21907,71,39.0,CA,100,,,"CISNEROS, Gil",C001123,1971,,-0.461,0.692,-50.1125,0.93986,808,17,,-0.376,0.575
116,House,21909,71,21.0,CA,100,,,"COX, TJ",C001124,1963,,-0.343,0.478,-48.50115,0.94117,800,14,,-0.344,0.479
116,House,21930,71,10.0,CA,100,,,"HARDER, Josh",H001090,1986,,-0.307,0.493,-64.49787,0.92291,804,17,,-0.386,0.763
116,House,21932,71,25.0,CA,100,,,"HILL, Katie",H001087,1987,,-0.306,0.114,-20.26703,0.96104,510,8,,-0.305,0.113
116,House,21939,71,49.0,CA,100,,,"LEVIN, Mike",L000593,1978,,-0.321,0.17,-21.80015,0.97348,811,7,,-0.353,0.124
116,House,21954,71,45.0,CA,100,,,"PORTER, Katie",P000618,1974,,-0.236,-0.332,-132.32742,0.8472,798,40,,-0.179,0.016
116,House,21960,71,48.0,CA,100,,,"ROUDA, Harley",R000616,1961,,-0.336,0.559,-42.41024,0.94792,793,11,,-0.336,0.56
116,House,21988,71,25.0,CA,200,,,"GARCIA, Mike",G000061,1976,,0.356,0.097,-15.14211,0.88237,121,6,,0.386,0.447
116,House,29106,71,43.0,CA,100,,,"WATERS, Maxine",W000187,1938,,-0.656,-0.095,-55.81321,0.93285,803,19,,-0.589,0.367
116,House,29312,71,18.0,CA,100,,,"ESHOO, Anna Georges",E000215,1942,,-0.379,-0.372,-12.91469,0.98376,789,5,,-0.395,-0.213
116,House,29317,71,40.0,CA,100,,,"ROYBAL-ALLARD, Lucille",R000486,1941,,-0.469,-0.171,-15.44375,0.98076,795,5,,-0.399,-0.107
116,House,29323,71,42.0,CA,200,,,"CALVERT, Ken",C000059,1953,,0.339,0.276,-79.82419,0.90412,792,24,,0.321,0.524
116,House,29504,71,19.0,CA,100,,,"LOFGREN, Zoe",L000397,1947,,-0.398,-0.405,-33.02059,0.95901,789,11,,-0.461,-0.466
116,House,29707,71,30.0,CA,100,,,"SHERMAN, Brad",S000344,1954,,-0.344,-0.136,-20.92575,0.97405,796,11,,-0.454,0.067
116,House,29778,71,13.0,CA,100,,,"LEE, Barbara",L000551,1946,,-0.676,-0.582,-25.69659,0.96847,802,11,,-0.545,-0.828
116,House,29901,71,5.0,CA,100,,,"THOMPSON, Michael",T000460,1951,,-0.392,0.072,-36.92899,0.95455,794,18,,-0.441,0.414
116,House,29903,71,32.0,CA,100,,,"NAPOLITANO, Grace Flores",N000179,1936,,-0.448,-0.247,-18.33875,0.97742,803,9,,-0.479,-0.253
116,House,20704,62,5.0,CO,200,,,"LAMBORN, Doug",L000564,1954,,0.665,0.257,-72.82798,0.91151,786,30,,0.636,0.236
116,House,20705,62,7.0,CO,100,,,"PERLMUTTER, Ed",P000593,1953,,-0.282,0.072,-29.08088,0.96294,770,10,,-0.301,-0.033
116,House,21111,62,3.0,CO,200,,,"TIPTON, Scott",T000470,1956,,0.451,-0.023,-127.84774,0.85366,808,51,,0.445,-0.0
116,House,21510,62,4.0,CO,200,,,"BUCK, Kenneth Robert",B001297,1959,,0.655,-0.432,-118.26714,0.84676,711,44,,0.73,-0.418
116,House,21912,62,6.0,CO,100,,,"CROW, Jason",C001121,1979,,-0.353,0.195,-72.21685,0.9147,810,28,,-0.273,0.408
116,House,21948,62,2.0,CO,100,,,"NEGUSE, Joseph",N000191,1984,,-0.426,-0.106,-22.04652,0.97312,809,10,,-0.466,-0.463
116,House,29710,62,1.0,CO,100,,,"DeGETTE, Diana",D000197,1957,,-0.431,-0.308,-18.2228,0.97751,801,8,,-0.4,-0.356
116,House,20706,1,2.0,CT,100,,,"COURTNEY, Joe",C001069,1953,,-0.337,0.041,-21.97675,0.97323,810,5,,-0.36,0.014
116,House,20907,1,4.0,CT,100,,,"HIMES, James A.",H001047,1966,,-0.241,-0.209,-41.33434,0.94958,799,16,,-0.32,0.131
116,House,21931,1,5.0,CT,100,,,"HAYES, Jahana",H001081,1973,,-0.321,-0.053,-21.50111,0.97274,778,7,,-0.372,-0.031
116,House,29109,1,3.0,CT,100,,,"DeLAURO, Rosa L.",D000216,1943,,-0.414,-0.107,-19.41565,0.9756,786,7,,-0.378,-0.042
116,House,29908,1,1.0,CT,100,,,"LARSON, John B.",L000557,1948,,-0.396,-0.039,-17.36745,0.97852,800,6,,-0.347,0.01
116,House,21706,11,1.0,DE,100,,,"BLUNT ROCHESTER, Lisa",B001303,1962,,-0.375,-0.133,-14.76113,0.9819,808,4,,-0.399,-0.103
116,House,21993,55,0.0,DC,100,,,"NORTON, Eleanor Holmes",N000147,1937,,-0.491,-0.114,-12.47529,0.94363,215,5,,-0.301,0.113
116,House,20316,43,25.0,FL,200,,,"DIAZ-BALART, Mario",D000600,1961,,0.281,0.158,-133.24019,0.84569,795,48,,0.288,0.2
116,House,20504,43,23.0,FL,100,,,"WASSERMAN SCHULTZ, Debbie",W000797,1966,,-0.415,0.102,-26.12067,0.96748,790,8,,-0.356,0.108
116,House,20708,43,14.0,FL,100,,,"CASTOR, Kathy",C001066,1966,,-0.438,0.072,-16.93411,0.97926,808,5,,-0.417,-0.065
116,House,20709,43,16.0,FL,200,,,"BUCHANAN, Vernon G.",B001260,1951,,0.362,-0.084,-142.43363,0.8331,780,59,,0.342,0.003
116,House,20758,43,12.0,FL,200,,,"BILIRAKIS, Gus",B001257,1963,,0.423,-0.032,-126.47648,0.85067,782,56,,0.406,0.003
116,House,20909,43,8.0,FL,200,,,"POSEY, Bill",P000599,1947,,0.533,-0.353,-182.59337,0.79479,795,83,,0.538,-0.344
116,House,20959,43,22.0,FL,100,,,"DEUTCH, Theodore E. (Ted)",D000610,1966,,-0.401,-0.078,-19.78731,0.97511,785,5,,-0.394,0.062
116,House,21116,43,11.0,FL,200,,,"WEBSTER, Daniel A.",W000806,1949,,0.522,-0.077,-159.5746,0.81016,758,84,,0.56,-0.155
116,House,21118,43,24.0,FL,100,,,"WILSON, Frederica",W000808,1942,,-0.476,-0.006,-12.5304,0.98307,734,4,,-0.538,0.027
116,House,21317,43,3.0,FL,200,,,"YOHO, Ted",Y000065,1955,,0.704,-0.365,-131.16793,0.83387,722,57,,0.715,-0.336
116,House,21321,43,21.0,FL,100,,,"FRANKEL, Lois",F000462,1948,,-0.397,-0.025,-21.9645,0.97195,772,9,,-0.345,-0.022
116,House,21712,43,13.0,FL,100,,,"CRIST, Charlie Joseph Jr.",C001111,1956,,-0.227,0.079,-33.59071,0.95933,809,15,,-0.29,0.282
116,House,21713,43,10.0,FL,100,,,"DEMINGS, Valdez Butler",D000627,1957,,-0.322,-0.006,-20.74385,0.97462,807,6,,-0.314,0.09
116,House,21714,43,2.0,FL,200,,,"DUNN, Neal Patrick",D000628,1953,,0.507,0.334,-124.07492,0.84809,753,55,,0.547,0.173
116,House,21719,43,1.0,FL,200,,,"GAETZ, Matthew L. II",G000578,1982,,0.593,-0.643,-201.9849,0.753,712,96,,0.593,-0.64
116,House,21732,43,5.0,FL,100,,,"LAWSON, Alfred Jr.",L000586,1948,,-0.26,0.076,-35.0294,0.95647,787,15,,-0.262,0.073
116,House,21735,43,18.0,FL,200,,,"MAST, Brian Jeffery",M001199,1980,,0.463,-0.351,-210.51826,0.7624,776,99,,0.455,-0.369
116,House,21738,43,7.0,FL,100,,,"MURPHY, Stephanie",M001202,1978,,-0.161,0.123,-85.71652,0.89935,808,32,,-0.177,0.246
116,House,21742,43,19.0,FL,200,,,"ROONEY, Francis",R000607,1953,,0.501,-0.494,-268.86408,0.60612,537,133,,0.486,-0.634
116,House,21744,43,4.0,FL,200,,,"RUTHERFORD, John Henry",R000609,1952,,0.432,0.068,-165.74947,0.80878,781,74,,0.416,0.033
116,House,21746,43,9.0,FL,100,,,"SOTO, Darren Michael",S001200,1978,,-0.349,0.196,-21.29906,0.97373,800,6,,-0.363,0.008
116,House,21947,43,26.0,FL,100,,,"MUCARSEL-POWELL, Debbie",M001207,1971,,-0.345,0.332,-34.25115,0.9584,806,20,,-0.345,0.333
116,House,21963,43,27.0,FL,100,,,"SHALALA, Donna",S001206,1941,,-0.352,0.021,-17.13918,0.97901,808,6,,-0.351,0.018
116,House,21967,43,15.0,FL,200,,,"SPANO, Ross",S001210,1966,,0.462,0.009,-113.84357,0.86564,789,39,,0.462,0.003
116,House,21971,43,17.0,FL,200,,,"STEUBE, William",S001214,1978,,0.691,-0.34,-129.84445,0.84719,783,55,,0.66,-0.34
116,House,21981,43,6.0,FL,200,,,"WALTZ, Michael",W000823,1974,,0.452,-0.113,-154.61425,0.81657,763,73,,0.411,-0.147
116,House,29337,43,20.0,FL,100,,,"HASTINGS, Alcee Lamar",H000324,1936,2021.0,-0.564,0.157,-14.78068,0.97652,622,4,,-0.54,0.212
116,House,15431,44,5.0,GA,100,,,"LEWIS, John R.",L000287,1940,2020.0,-0.589,-0.221,-11.00536,0.98252,624,5,,-0.449,-0.132
116,House,20321,44,13.0,GA,100,,,"SCOTT, David",S001157,1945,,-0.304,0.169,-23.54187,0.97111,803,5,,-0.361,0.123
116,House,20712,44,4.0,GA,100,,,"JOHNSON, Hank",J000288,1954,,-0.477,-0.052,-36.10237,0.95604,803,10,,-0.461,-0.075
116,House,20962,44,14.0,GA,200,,,"GRAVES, Tom",G000560,1970,,0.716,-0.002,-113.96483,0.85361,720,41,,0.664,0.143
116,House,21122,44,7.0,GA,200,,,"WOODALL, Rob",W000810,1970,,0.593,-0.173,-143.25698,0.83623,801,64,,0.501,0.112
116,House,21123,44,8.0,GA,200,,,"SCOTT, Austin",S001189,1969,,0.535,0.368,-94.91621,0.88652,788,32,,0.56,0.353
116,House,21323,44,9.0,GA,200,,,"COLLINS, Doug",C001093,1966,,0.61,0.134,-81.58804,0.89601,743,31,,0.595,0.303
116,House,21513,44,1.0,GA,200,,,"CARTER, Buddy",C001103,1957,,0.557,0.344,-100.93689,0.88119,798,38,,0.596,0.179
116,House,21514,44,10.0,GA,200,,,"HICE, Jody Brownlow",H001071,1960,,0.797,-0.242,-82.05851,0.89803,763,32,,0.856,-0.087
116,House,21515,44,11.0,GA,200,,,"LOUDERMILK, Barry D.",L000583,1963,,0.68,0.022,-80.52152,0.89119,699,31,,0.715,0.133
116,House,21516,44,12.0,GA,200,,,"ALLEN, Rick W.",A000372,1951,,0.689,0.278,-91.93817,0.89169,802,38,,0.756,0.355
116,House,21717,44,3.0,GA,200,,,"FERGUSON, Anderson Drew IV",F000465,1966,,0.585,0.251,-124.56347,0.85481,794,52,,0.655,0.165
116,House,21944,44,6.0,GA,100,,,"McBATH, Lucy",M001208,1960,,-0.354,0.282,-76.61789,0.90964,809,27,,-0.249,0.354
116,House,21991,44,5.0,GA,100,,,"HALL, Kwanza",H001092,1971,,,,,,,,,-0.392,0.628
116,House,29339,44,2.0,GA,100,,,"BISHOP, Sanford Dixon, Jr.",B000490,1947,,-0.287,0.446,-56.24224,0.93162,794,28,,-0.338,0.281
116,House,21997,94,0.0,GU,100,,,"SAN NICOLAS, Michael",S001204,1981,,-0.41,-0.52,-0.92032,0.99189,113,0,,-0.407,-0.494
116,House,20322,82,1.0,HI,100,,,"CASE, Ed",C001055,1952,,-0.204,-0.081,-51.71928,0.93792,807,17,,-0.195,0.01
116,House,21324,82,2.0,HI,100,,,"GABBARD, Tulsi",G000571,1981,,-0.274,-0.282,-39.27084,0.92793,525,14,,-0.258,-0.641
116,House,21920,63,1.0,ID,200,,,"FULCHER, Russell",F000469,1962,,0.647,-0.091,-100.67467,0.88189,801,39,,0.628,0.036
116,House,29910,63,2.0,ID,200,,,"SIMPSON, Michael K.",S001148,1950,,0.296,0.312,-179.12263,0.79293,772,66,,0.332,0.282
116,House,20508,21,3.0,IL,100,,,"LIPINSKI, Daniel",L000563,1966,,-0.227,0.176,-109.5829,0.87002,787,33,,-0.146,0.05
116,House,20749,21,11.0,IL,100,,,"FOSTER, Bill",F000454,1955,,-0.238,-0.224,-25.71244,0.96829,798,5,,-0.414,0.107
116,House,20954,21,5.0,IL,100,,,"QUIGLEY, Mike",Q000023,1958,,-0.326,-0.231,-19.06175,0.97631,795,5,,-0.387,-0.087
116,House,21128,21,16.0,IL,200,,,"KINZINGER, Adam",K000378,1978,,0.234,0.382,-146.30003,0.82427,757,59,,0.297,0.211
116,House,21326,21,10.0,IL,100,,,"SCHNEIDER, Brad",S001190,1961,,-0.196,-0.122,-32.98873,0.9599,806,8,,-0.295,0.024
116,House,21328,21,13.0,IL,200,,,"DAVIS, Rodney",D000619,1970,,0.279,0.17,-127.61099,0.85066,789,47,,0.234,0.341
116,House,21329,21,17.0,IL,100,,,"BUSTOS, Cheri",B001286,1961,,-0.239,0.054,-27.8776,0.96617,810,8,,-0.299,0.196
116,House,21371,21,2.0,IL,100,,,"KELLY, Robin L.",K000385,1956,,-0.472,-0.021,-23.5134,0.97132,808,10,,-0.445,0.029
116,House,21519,21,12.0,IL,200,,,"BOST, Mike",B001295,1960,,0.398,-0.031,-114.39729,0.8544,727,47,,0.292,0.453
116,House,21562,21,18.0,IL,200,,,"LaHOOD, Darin",L000585,1968,,0.46,0.222,-92.39358,0.88775,776,36,,0.473,0.284
116,House,21730,21,8.0,IL,100,,,"KRISHNAMOORTHI, S. Raja",K000391,1973,,-0.344,-0.008,-32.05828,0.9611,808,11,,-0.359,0.152
116,House,21906,21,6.0,IL,100,,,"CASTEN, Sean",C001117,1971,,-0.64,0.422,-41.57326,0.94997,810,12,,-0.402,0.253
116,House,21921,21,4.0,IL,100,,,"GARCÍA, Jesús",G000586,1956,,-0.425,-0.885,-27.93581,0.96593,806,11,,-0.459,-0.784
116,House,21979,21,14.0,IL,100,,,"UNDERWOOD, Lauren",U000040,1986,,-0.599,0.334,-56.268,0.93249,805,16,,-0.552,0.641
116,House,29346,21,1.0,IL,100,,,"RUSH, Bobby L.",R000515,1946,,-0.479,-0.203,-23.64154,0.97003,777,6,,-0.48,-0.16
116,House,29717,21,7.0,IL,100,,,"DAVIS, Danny K.",D000096,1941,,-0.487,-0.266,-15.76283,0.98024,790,3,,-0.483,-0.316
116,House,29718,21,15.0,IL,200,,,"SHIMKUS, John M.",S000364,1958,,0.375,0.154,-98.57355,0.87925,766,45,,0.395,0.308
116,House,29911,21,9.0,IL,100,,,"SCHAKOWSKY, Janice D.",S001145,1944,,-0.602,-0.292,-16.4654,0.97965,801,6,,-0.517,-0.479
116,House,15124,22,1.0,IN,100,,,"VISCLOSKY, Peter",V000108,1949,,-0.402,0.244,-25.35942,0.96899,805,5,,-0.453,0.212
116,House,20757,22,7.0,IN,100,,,"CARSON, André",C001072,1974,,-0.435,0.03,-40.3465,0.95117,806,12,,-0.548,0.289
116,House,21132,22,8.0,IN,200,,,"BUCSHON, Larry",B001275,1962,,0.38,0.385,-100.13356,0.87967,781,45,,0.452,0.298
116,House,21330,22,2.0,IN,200,,,"WALORSKI, Jackie",W000813,1963,2022.0,0.436,0.315,-86.07111,0.8959,783,38,,0.39,0.371
116,House,21331,22,5.0,IN,200,,,"BROOKS, Susan",B001284,1960,,0.352,0.217,-134.01795,0.8412,775,65,,0.326,0.176
116,House,21702,22,3.0,IN,200,,,"BANKS, James E.",B001299,1979,,0.646,0.013,-112.1275,0.87013,806,56,,0.634,0.029
116,House,21725,22,9.0,IN,200,,,"HOLLINGSWORTH, Joseph Albert III",H001074,1983,,0.417,-0.243,-203.66398,0.77224,788,98,,0.403,-0.309
116,House,21903,22,4.0,IN,200,,,"BAIRD, James",B001307,1945,,0.445,0.416,-82.58314,0.90284,808,38,,0.427,0.668
116,House,21952,22,6.0,IN,200,,,"PENCE, Gregory",P000615,1956,,0.5,0.237,-100.2051,0.88172,796,50,,0.457,0.357
116,House,20325,31,4.0,IA,200,,,"KING, Steve",K000362,1949,,0.613,0.171,-190.61697,0.77372,743,87,,0.583,-0.184
116,House,20720,31,2.0,IA,100,,,"LOEBSACK, Dave",L000565,1952,,-0.276,-0.027,-28.98965,0.96415,794,8,,-0.3,0.214
116,House,21902,31,3.0,IA,100,,,"AXNE, Cynthia",A000378,1965,,-0.25,0.528,-80.08022,0.90452,798,37,,-0.239,0.568
116,House,21918,31,1.0,IA,100,,,"FINKENAUER, Abby",F000467,1988,,-0.224,0.501,-79.52809,0.90626,808,41,,-0.224,0.501
116,House,21734,32,1.0,KS,200,,,"MARSHALL, Roger Wayne",M001198,1960,,0.606,0.139,-126.89868,0.8486,773,56,,0.546,0.091
116,House,21750,32,4.0,KS,200,,,"ESTES, Ron",E000298,1956,,0.646,0.102,-99.58321,0.88268,798,48,,0.622,0.087
116,House,21914,32,3.0,KS,100,,,"DAVIDS, Sharice",D000629,1980,,-0.269,0.249,-57.91873,0.93074,807,24,,-0.25,0.206
116,House,21982,32,2.0,KS,200,,,"WATKINS, Steve",W000824,1976,,0.549,0.079,-114.0218,0.86747,802,52,,0.549,0.079
116,House,14854,51,5.0,KY,200,,,"ROGERS, Harold Dallas (Hal)",R000395,1937,,0.333,0.152,-87.69213,0.89606,799,27,,0.336,0.593
116,House,20723,51,3.0,KY,100,,,"YARMUTH, John",Y000062,1947,,-0.378,-0.275,-20.37847,0.97488,801,6,,-0.444,-0.161
116,House,20916,51,2.0,KY,200,,,"GUTHRIE, Brett",G000558,1964,,0.428,0.269,-72.27085,0.91383,802,27,,0.442,0.455
116,House,21333,51,6.0,KY,200,,,"BARR, Garland H. (Andy) IV",B001282,1973,,0.486,0.3,-102.77048,0.87845,793,44,,0.497,0.293
116,House,21565,51,1.0,KY,200,,,"COMER, James",C001108,1972,,0.592,-0.059,-131.94949,0.84864,804,69,,0.638,0.028
116,House,31102,51,4.0,KY,200,,,"MASSIE, Thomas",M001184,1971,,0.678,-0.735,-237.36879,0.73934,786,102,,0.919,-0.395
116,House,20759,45,1.0,LA,200,,,"SCALISE, Steve",S001176,1965,,0.558,0.171,-83.99365,0.90045,801,37,,0.577,0.298
116,House,21137,45,2.0,LA,100,,,"RICHMOND, Cedric",R000588,1973,,-0.486,0.332,-40.67477,0.94742,753,15,,-0.657,0.462
116,House,21522,45,5.0,LA,200,,,"ABRAHAM, Ralph",A000374,1954,,0.541,0.257,-62.96669,0.87964,491,29,,0.607,0.154
116,House,21523,45,6.0,LA,200,,,"GRAVES, Garret",G000577,1972,,0.425,0.049,-127.33693,0.85096,789,65,,0.42,-0.016
116,House,21724,45,3.0,LA,200,,,"HIGGINS, Clay",H001077,1961,,0.623,-0.313,-141.33561,0.82376,729,70,,0.587,-0.217
116,House,21727,45,4.0,LA,200,,,"JOHNSON, Mike",J000299,1972,,0.565,0.02,-113.72345,0.85825,744,44,,0.546,0.032
116,House,20920,2,1.0,ME,100,,,"PINGREE, Chellie",P000597,1955,,-0.422,-0.367,-17.75329,0.97805,800,7,,-0.427,-0.328
116,House,21923,2,2.0,ME,100,,,"GOLDEN, Jared",G000592,1982,,-0.105,0.373,-177.60437,0.80333,811,61,,-0.123,0.367
116,House,14873,52,5.0,MD,100,,,"HOYER, Steny Hamilton",H000874,1939,,-0.381,0.122,-16.47132,0.97955,797,3,,-0.383,0.155
116,House,15433,52,7.0,MD,100,,,"MFUME, Kweisi",M000687,1948,,-0.44,-0.33,-1.52913,0.98765,123,0,,-0.588,-0.04
116,House,20329,52,2.0,MD,100,,,"RUPPERSBERGER, C. A. (Dutch)",R000576,1946,,-0.299,0.12,-23.924,0.9705,799,6,,-0.294,0.017
116,House,20724,52,3.0,MD,100,,,"SARBANES, John",S001168,1962,,-0.466,-0.078,-16.36907,0.97995,808,6,,-0.416,-0.084
116,House,21139,52,1.0,MD,200,,,"HARRIS, Andy",H001052,1957,,0.673,-0.375,-145.64547,0.83202,792,57,,0.749,-0.398
116,House,21707,52,4.0,MD,100,,,"BROWN, Anthony Gregory",B001304,1961,,-0.344,-0.063,-35.44179,0.95672,801,13,,-0.307,-0.065
116,House,21741,52,8.0,MD,100,,,"RASKIN, Jamie Ben",R000606,1962,,-0.513,-0.235,-18.59616,0.97722,807,7,,-0.486,-0.544
116,House,21978,52,6.0,MD,100,,,"TRONE, David",T000483,1955,,-0.348,0.23,-32.42159,0.95999,794,5,,-0.268,-0.038
116,House,29587,52,7.0,MD,100,,,"CUMMINGS, Elijah Eugene",C000984,1951,2019.0,-0.438,-0.148,-14.38346,0.96718,431,7,,-0.385,-0.096
116,House,15616,3,1.0,MA,100,,,"NEAL, Richard Edmund",N000015,1949,,-0.417,-0.106,-11.38185,0.98584,798,3,,-0.432,-0.087
116,House,20119,3,8.0,MA,100,,,"LYNCH, Stephen F.",L000562,1955,,-0.345,0.05,-32.80288,0.96002,804,10,,-0.302,-0.029
116,House,21140,3,9.0,MA,100,,,"KEATING, William R.",K000375,1952,,-0.33,-0.099,-30.27366,0.96273,797,10,,-0.367,0.01
116,House,21335,3,4.0,MA,100,,,"KENNEDY, Joseph P. III",K000379,1980,,-0.421,-0.206,-25.62281,0.96844,799,11,,-0.444,-0.619
116,House,21375,3,5.0,MA,100,,,"CLARK, Katherine M.",C001101,1963,,-0.485,-0.27,-15.29647,0.98111,802,6,,-0.425,-0.265
116,House,21525,3,6.0,MA,100,,,"MOULTON, Seth",M001196,1978,,-0.285,-0.041,-70.11625,0.90757,723,27,,-0.231,0.185
116,House,21955,3,7.0,MA,100,,,"PRESSLEY, Ayanna",P000617,1974,,-0.349,-0.937,-44.4959,0.94596,801,25,,-0.29,-0.957
116,House,21977,3,3.0,MA,100,,,"TRAHAN, Lori",T000482,1973,,-0.427,-0.132,-19.86993,0.9758,811,6,,-0.472,-0.175
116,House,29729,3,2.0,MA,100,,,"McGOVERN, James P.",M000312,1959,,-0.538,-0.338,-18.67794,0.97712,807,9,,-0.462,-0.624
116,House,15446,23,6.0,MI,200,,,"UPTON, Frederick Stephen",U000031,1953,,0.32,-0.355,-192.31169,0.78773,806,92,,0.24,-0.044
116,House,20725,23,7.0,MI,200,,,"WALBERG, Tim",W000798,1951,,0.499,0.159,-97.73736,0.885,800,36,,0.464,0.242
116,House,21142,23,2.0,MI,200,,,"HUIZENGA, Bill",H001058,1969,,0.533,0.043,-141.94551,0.83554,790,52,,0.493,-0.034
116,House,21143,23,3.0,MI,200,,,"AMASH, Justin",A000367,1980,,0.654,-0.757,-172.05329,0.62734,369,65,,0.919,-0.395
116,House,21372,23,5.0,MI,100,,,"KILDEE, Dan",K000380,1958,,-0.359,-0.183,-19.93606,0.97572,811,7,,-0.489,-0.305
116,House,21526,23,4.0,MI,200,,,"MOOLENAAR, John",M001194,1961,,0.448,0.163,-81.47049,0.9042,809,30,,0.399,0.37
116,House,21529,23,12.0,MI,100,,,"DINGELL, Debbie",D000624,1953,,-0.402,-0.189,-20.51177,0.9744,791,8,,-0.396,-0.399
116,House,21530,23,14.0,MI,100,,,"LAWRENCE, Brenda L",L000581,1954,,-0.448,-0.039,-13.23385,0.98322,782,4,,-0.467,0.032
116,House,21704,23,1.0,MI,200,,,"BERGMAN, John",B001301,1947,,0.432,0.081,-131.62693,0.84724,794,61,,0.43,0.095
116,House,21737,23,10.0,MI,200,,,"MITCHELL, Paul",M001201,1956,2021.0,0.422,0.311,-106.11067,0.86741,746,43,,0.421,0.286
116,House,21940,23,9.0,MI,100,,,"LEVIN, Andy",L000592,1960,,-0.474,-0.563,-16.7619,0.97949,809,6,,-0.534,-0.549
116,House,21965,23,8.0,MI,100,,,"SLOTKIN, Elissa",S001208,1976,,-0.339,0.743,-106.94302,0.87632,810,43,,-0.3,0.776
116,House,21972,23,11.0,MI,100,,,"STEVENS, Haley",S001215,1983,,-0.392,0.274,-44.63879,0.94638,810,19,,-0.337,0.364
116,House,21975,23,13.0,MI,100,,,"TLAIB, Rashida",T000481,1976,,-0.29,-0.957,-48.68816,0.94131,805,25,,-0.255,-0.967
116,House,91143,23,3.0,MI,328,,,"AMASH, Justin",A000367,1980,,0.359,-0.933,-284.06688,0.51732,431,157,,0.358,-0.934
116,House,91737,23,10.0,MI,328,,,"MITCHELL, Paul",M001201,1956,2021.0,,,,,,,,-0.067,0.998
116,House,20122,33,4.0,MN,100,,,"McCOLLUM, Betty",M001143,1954,,-0.419,-0.185,-25.99432,0.96842,810,7,,-0.458,-0.078
116,House,21531,33,6.0,MN,200,,,"EMMER, Thomas Earl II",E000294,1961,,0.467,-0.071,-140.45949,0.8254,732,55,,0.489,-0.021
116,House,21910,33,2.0,MN,100,,,"CRAIG, Angela",C001119,1972,,-0.261,0.569,-77.74081,0.90859,811,23,,-0.311,0.708
116,House,21929,33,1.0,MN,200,,,"HAGEDORN, Jim",H001088,1962,2022.0,0.477,0.345,-78.28015,0.9069,801,35,,0.459,0.377
116,House,21950,33,5.0,MN,100,,,"OMAR, Ilhan",O000173,1982,,-0.296,-0.955,-55.51541,0.93113,778,26,,-0.278,-0.961
116,House,21953,33,3.0,MN,100,,,"PHILLIPS, Dean",P000616,1969,,-0.277,0.167,-50.53076,0.93959,811,13,,-0.235,0.073
116,House,21969,33,8.0,MN,200,,,"STAUBER, Peter",S001212,1966,,0.384,-0.099,-160.93906,0.81818,802,80,,0.288,0.163
116,House,29127,33,7.0,MN,100,,,"PETERSON, Collin Clark",P000258,1944,,-0.148,0.712,-222.35446,0.75575,794,110,,-0.156,0.752
116,House,21148,46,4.0,MS,200,,,"PALAZZO, Steven",P000601,1970,,0.535,0.45,-91.96745,0.88617,761,45,,0.601,0.459
116,House,21561,46,1.0,MS,200,,,"KELLY, Trent",K000388,1966,,0.638,0.295,-84.07393,0.89965,795,35,,0.676,0.239
116,House,21927,46,3.0,MS,200,,,"GUEST, Michael",G000591,1970,,0.53,0.125,-98.79379,0.88328,796,42,,0.486,0.232
116,House,29368,46,2.0,MS,100,,,"THOMPSON, Bennie",T000193,1948,,-0.519,0.391,-24.18615,0.96974,787,9,,-0.553,0.224
116,House,20124,34,6.0,MO,200,,,"GRAVES, Samuel",G000546,1963,,0.448,0.164,-117.49608,0.8618,790,50,,0.518,0.4
116,House,20147,34,1.0,MO,100,,,"CLAY, William Lacy, Jr.",C001049,1956,,-0.481,-0.078,-19.15163,0.97562,776,8,,-0.586,0.04
116,House,20517,34,5.0,MO,100,,,"CLEAVER, Emanuel, II",C001061,1944,,-0.453,-0.001,-36.04328,0.95456,775,13,,-0.453,0.003
116,House,20926,34,3.0,MO,200,,,"LUETKEMEYER, Blaine",L000569,1952,,0.45,0.247,-104.16796,0.87805,801,47,,0.391,0.459
116,House,21149,34,4.0,MO,200,,,"HARTZLER, Vicky",H001053,1960,,0.478,0.229,-120.92754,0.85873,794,44,,0.398,0.303
116,House,21150,34,7.0,MO,200,,,"LONG, Billy",L000576,1955,,0.544,0.244,-126.26261,0.85383,799,52,,0.552,0.02
116,House,21337,34,2.0,MO,200,,,"WAGNER, Ann",W000812,1962,,0.39,0.297,-135.21295,0.84196,786,63,,0.391,0.132
116,House,21373,34,8.0,MO,200,,,"SMITH, Jason",S001195,1980,,0.577,0.211,-99.44262,0.88447,810,48,,0.582,0.107
116,House,21751,64,1.0,MT,200,,,"GIANFORTE, Greg",G000584,1961,,0.431,0.085,-99.53171,0.87089,720,40,,0.435,0.095
116,House,20518,35,1.0,NE,200,,,"FORTENBERRY, Jeff",F000449,1960,,0.304,-0.061,-163.1146,0.81323,789,72,,0.306,-0.034
116,House,20729,35,3.0,NE,200,,,"SMITH, Adrian",S001172,1970,,0.511,0.252,-105.51773,0.87729,806,45,,0.562,0.236
116,House,21701,35,2.0,NE,200,,,"BACON, Donald J.",B001298,1963,,0.285,0.188,-209.1055,0.77124,805,90,,0.382,-0.102
116,House,20927,65,1.0,NV,100,,,"TITUS, Alice (Dina)",T000468,1950,,-0.297,-0.164,-21.99277,0.97251,789,10,,-0.374,-0.272
116,House,21196,65,2.0,NV,200,,,"AMODEI, Mark E.",A000369,1958,,0.384,0.208,-120.37109,0.85784,785,59,,0.399,0.238
116,House,21339,65,4.0,NV,100,,,"HORSFORD, Steven",H001066,1973,,-0.323,0.154,-47.32234,0.94277,803,21,,-0.393,0.331
116,House,21938,65,3.0,NV,100,,,"LEE, Susie",L000590,1966,,-0.232,0.32,-50.45195,0.93954,809,16,,-0.308,0.436
116,House,21340,4,2.0,NH,100,,,"KUSTER, Ann McLane",K000382,1956,,-0.264,-0.086,-27.276,0.9664,798,8,,-0.332,0.092
116,House,21951,4,1.0,NH,100,,,"PAPPAS, Chris",P000614,1980,,-0.235,0.338,-57.98858,0.93091,810,23,,-0.299,0.322
116,House,14863,12,4.0,NJ,200,,,"SMITH, Christopher Henry",S000522,1953,,0.181,-0.172,-198.19872,0.77434,775,87,,0.2,-0.122
116,House,15454,12,6.0,NJ,100,,,"PALLONE, Frank, Jr.",P000034,1951,,-0.402,-0.161,-16.7792,0.97952,811,6,,-0.423,-0.382
116,House,20542,12,8.0,NJ,100,,,"SIRES, Albio",S001165,1951,,-0.404,0.098,-14.33639,0.98193,786,4,,-0.422,0.111
116,House,21536,12,1.0,NJ,100,,,"NORCROSS, Donald",N000188,1958,,-0.419,0.34,-29.21292,0.96423,802,7,,-0.395,-0.011
116,House,21538,12,12.0,NJ,100,,,"WATSON COLEMAN, Bonnie",W000822,1945,,-0.597,-0.222,-49.12244,0.94095,807,20,,-0.463,-0.159
116,House,21723,12,5.0,NJ,100,,,"GOTTHEIMER, Josh S.",G000583,1975,,-0.162,0.21,-108.71621,0.87396,807,56,,-0.171,0.456
116,House,21937,12,3.0,NJ,100,,,"KIM, Andy",K000394,1982,,-0.386,0.224,-83.67637,0.90197,811,28,,-0.273,0.398
116,House,21942,12,7.0,NJ,100,,,"MALINOWSKI, Tomaz",M001203,1965,,-0.272,0.121,-39.50926,0.95228,808,13,,-0.26,0.099
116,House,21964,12,11.0,NJ,100,,,"SHERRILL, Mikie",S001207,1972,,-0.235,0.244,-77.01891,0.90897,807,32,,-0.184,0.241
116,House,21980,12,2.0,NJ,100,,,"VAN DREW, Jefferson",V000133,1953,,-0.147,0.644,-89.13305,0.85956,589,37,,-0.147,0.643
116,House,29741,12,9.0,NJ,100,,,"PASCRELL, William J., Jr.",P000096,1937,2024.0,-0.369,-0.004,-23.39821,0.97132,804,6,,-0.353,-0.183
116,House,31103,12,10.0,NJ,100,,,"PAYNE, Donald, Jr.",P000604,1958,2024.0,-0.52,-0.096,-27.96736,0.9633,748,8,,-0.51,-0.028
116,House,91980,12,2.0,NJ,200,,,"VAN DREW, Jefferson",V000133,1953,,0.382,-0.44,-114.58713,0.56708,202,41,,0.179,-0.181
116,House,20932,66,3.0,NM,100,,,"LUJÁN, Ben Ray",L000570,1972,,-0.376,0.025,-26.08758,0.96823,808,13,,-0.31,-0.224
116,House,21928,66,1.0,NM,100,,,"HAALAND, Debra",H001080,1960,,-0.332,-0.233,-20.64652,0.97474,807,9,,-0.324,-0.226
116,House,21976,66,2.0,NM,100,,,"TORRES SMALL, Xochitl",T000484,1984,,-0.163,0.314,-99.88538,0.88358,807,42,,-0.163,0.314
116,House,15603,13,16.0,NY,100,,,"ENGEL, Eliot Lance",E000179,1947,,-0.408,-0.093,-23.72532,0.97078,800,9,,-0.45,-0.193
116,House,15612,13,17.0,NY,100,,,"LOWEY, Nita M.",L000480,1937,2025.0,-0.389,-0.152,-17.18646,0.97853,792,6,,-0.391,0.058
116,House,20519,13,26.0,NY,100,,,"HIGGINS, Brian",H001038,1959,,-0.348,-0.032,-18.28138,0.97746,802,7,,-0.385,-0.034
116,House,20733,13,9.0,NY,100,,,"CLARKE, Yvette Diane",C001067,1964,,-0.607,-0.26,-31.85219,0.9612,805,13,,-0.52,-0.623
116,House,20934,13,20.0,NY,100,,,"TONKO, Paul",T000469,1949,,-0.416,-0.262,-19.07452,0.97626,794,10,,-0.361,-0.405
116,House,21101,13,23.0,NY,200,,,"REED, Thomas W. II",R000585,1971,,0.269,0.12,-157.57663,0.81896,789,67,,0.238,0.182
116,House,21342,13,6.0,NY,100,,,"MENG, Grace",M001188,1975,,-0.371,-0.206,-59.98597,0.9275,797,26,,-0.281,-0.48
116,House,21343,13,8.0,NY,100,,,"JEFFRIES, Hakeem",J000294,1970,,-0.488,-0.066,-18.27263,0.97736,798,7,,-0.499,-0.124
116,House,21344,13,18.0,NY,100,,,"MALONEY, Sean Patrick",M001185,1966,,-0.239,0.114,-41.57777,0.9496,804,19,,-0.312,0.384
116,House,21345,13,27.0,NY,200,,,"COLLINS, Chris",C001092,1950,,0.357,0.236,-61.83374,0.87498,463,22,,0.328,0.316
116,House,21539,13,1.0,NY,200,,,"ZELDIN, Lee M",Z000017,1980,,0.397,-0.129,-168.93788,0.80942,799,75,,0.417,-0.145
116,House,21540,13,4.0,NY,100,,,"RICE, Kathleen Maura",R000602,1965,,-0.28,0.039,-53.88685,0.93358,784,25,,-0.273,0.232
116,House,21541,13,21.0,NY,200,,,"STEFANIK, Elise M",S001196,1984,,0.306,-0.115,-177.85744,0.80264,809,86,,0.231,-0.02
116,House,21542,13,24.0,NY,200,,,"KATKO, John",K000386,1962,,0.185,0.013,-151.17532,0.8234,778,59,,0.187,0.005
116,House,21715,13,13.0,NY,100,,,"ESPAILLAT, Adriano J.",E000297,1954,,-0.535,-0.203,-30.65155,0.96282,809,13,,-0.455,-0.629
116,House,21747,13,3.0,NY,100,,,"SUOZZI, Thomas",S001201,1962,,-0.217,0.144,-54.99817,0.93364,801,24,,-0.293,0.285
116,House,21761,13,25.0,NY,100,,,"MORELLE, Joseph D.",M001206,1957,,-0.326,0.154,-24.79087,0.96899,787,6,,-0.32,0.084
116,House,21904,13,22.0,NY,100,,,"BRINDISI, Anthony",B001308,1978,,-0.154,0.567,-136.69953,0.84418,807,45,,-0.154,0.568
116,House,21916,13,19.0,NY,100,,,"DELGADO, Antonio",D000630,1977,,-0.233,0.277,-59.37012,0.92941,811,17,,-0.216,0.2
116,House,21949,13,14.0,NY,100,,,"OCASIO-CORTEZ, Alexandria",O000172,1989,,-0.32,-0.947,-73.15733,0.91313,805,31,,-0.222,-0.975
116,House,21958,13,11.0,NY,100,,,"ROSE, Max",R000613,1986,,-0.176,0.269,-114.2671,0.86705,801,43,,-0.176,0.269
116,House,21990,13,27.0,NY,200,,,"JACOBS, Chris",J000020,1966,,0.306,0.049,-15.80369,0.8373,89,9,,0.327,-0.107
116,House,29134,13,15.0,NY,100,,,"SERRANO, José E.",S000248,1943,,-0.491,-0.377,-13.46589,0.98142,718,5,,-0.437,-0.311
116,House,29375,13,2.0,NY,200,,,"KING, Peter T.",K000210,1944,,0.259,-0.03,-156.98659,0.82121,797,57,,0.253,0.007
116,House,29377,13,10.0,NY,100,,,"NADLER, Jerrold Lewis",N000002,1947,,-0.507,-0.478,-18.20138,0.9772,789,7,,-0.544,-0.367
116,House,29378,13,7.0,NY,100,,,"VELÁZQUEZ, Nydia M.",V000081,1953,,-0.547,-0.367,-15.76207,0.98039,796,6,,-0.478,-0.58
116,House,29379,13,12.0,NY,100,,,"MALONEY, Carolyn Bosher",M000087,1946,,-0.387,-0.285,-21.73659,0.97346,808,9,,-0.416,-0.42
116,House,29776,13,5.0,NY,100,,,"MEEKS, Gregory W.",M001137,1953,,-0.416,-0.063,-18.4679,0.97627,769,7,,-0.528,0.065
116,House,15438,47,4.0,NC,100,,,"PRICE, David Eugene",P000523,1940,,-0.343,-0.03,-16.71297,0.9795,807,6,,-0.38,-0.117
116,House,20340,47,1.0,NC,100,,,"BUTTERFIELD, George Kenneth, Jr. (G.K.)",B001251,1947,,-0.404,0.184,-21.51918,0.97352,802,8,,-0.422,0.099
116,House,20521,47,5.0,NC,200,,,"FOXX, Virginia Ann",F000450,1943,,0.623,0.173,-134.03676,0.84467,794,56,,0.562,0.061
116,House,20522,47,10.0,NC,200,,,"McHENRY, Patrick T.",M001156,1975,,0.524,0.156,-146.05762,0.82305,750,57,,0.415,0.084
116,House,21346,47,8.0,NC,200,,,"HUDSON, Richard",H001067,1971,,0.523,0.212,-121.87087,0.84947,747,48,,0.481,0.111
116,House,21348,47,11.0,NC,200,,,"MEADOWS, Mark",M001187,1959,,0.605,-0.201,-132.76565,0.81396,645,60,,0.587,-0.209
116,House,21349,47,2.0,NC,200,,,"HOLDING, George E.B.",H001065,1968,,0.604,0.165,-81.25937,0.89069,702,33,,0.534,0.272
116,House,21543,47,6.0,NC,200,,,"WALKER, Bradley Mark",W000819,1969,,0.641,0.017,-80.78866,0.89115,701,33,,0.671,0.14
116,House,21544,47,7.0,NC,200,,,"ROUZER, David",R000603,1972,,0.565,0.291,-117.56208,0.86349,801,46,,0.544,0.116
116,House,21545,47,12.0,NC,100,,,"ADAMS, Alma",A000370,1946,,-0.461,-0.005,-15.12201,0.98097,787,5,,-0.429,-0.061
116,House,21708,47,13.0,NC,200,,,"BUDD, Theodore Paul",B001305,1971,,0.633,-0.075,-115.71212,0.86439,794,52,,0.659,-0.132
116,House,21986,47,9.0,NC,200,,,"BISHOP, Dan",B001311,1964,,0.703,-0.366,-28.80782,0.91339,318,13,,0.858,0.058
116,House,21987,47,3.0,NC,200,,,"MURPHY, Gregory Francis",M001210,1963,,0.486,0.128,-51.2472,0.85412,325,20,,0.594,0.058
116,House,29546,47,3.0,NC,200,,,"JONES, Walter Beaman, Jr.",J000255,1943,2019.0,0.244,-0.362,,,,,,,
116,House,21901,36,1.0,ND,200,,,"ARMSTRONG, Kelly",A000377,1976,,0.449,0.064,-135.46142,0.84151,785,59,,0.466,0.036
116,House,21996,95,0.0,MP,100,,,"SABLAN, Gregorio Kilili Camacho",S001177,1955,,-0.419,-0.252,-2.57433,0.9858,180,1,,-0.496,-0.205
116,House,15029,24,9.0,OH,100,,,"KAPTUR, Marcia Carolyn (Marcy)",K000009,1946,,-0.344,0.133,-24.61316,0.96932,790,7,,-0.432,0.277
116,House,20342,24,10.0,OH,200,,,"TURNER, Michael R.",T000463,1960,,0.266,0.254,-110.15544,0.87121,799,37,,0.307,0.259
116,House,20343,24,13.0,OH,100,,,"RYAN, Timothy J.",R000577,1973,,-0.402,0.208,-19.77598,0.97039,658,9,,-0.363,0.037
116,House,20738,24,4.0,OH,200,,,"JORDAN, Jim",J000289,1964,,0.713,-0.183,-94.80404,0.88772,796,40,,0.768,-0.193
116,House,20755,24,5.0,OH,200,,,"LATTA, Robert E.",L000566,1956,,0.509,0.285,-64.32975,0.92365,810,18,,0.511,0.337
116,House,20941,24,11.0,OH,100,,,"FUDGE, Marcia L.",F000455,1952,,-0.581,0.14,-40.29551,0.94728,744,14,,-0.552,0.306
116,House,21162,24,6.0,OH,200,,,"JOHNSON, Bill",J000292,1954,,0.436,0.235,-76.92042,0.90789,796,33,,0.426,0.424
116,House,21163,24,15.0,OH,200,,,"STIVERS, Steve",S001187,1965,,0.3,0.269,-127.19868,0.84645,763,56,,0.304,0.271
116,House,21165,24,7.0,OH,200,,,"GIBBS, Bob",G000563,1954,,0.484,0.284,-92.65039,0.88827,782,34,,0.506,0.465
116,House,21351,24,2.0,OH,200,,,"WENSTRUP, Brad",W000815,1958,,0.527,0.289,-91.55328,0.89031,788,36,,0.517,0.244
116,House,21352,24,3.0,OH,100,,,"BEATTY, Joyce",B001281,1950,,-0.436,0.016,-14.89508,0.98096,775,3,,-0.474,-0.095
116,House,21353,24,14.0,OH,200,,,"JOYCE, David",J000295,1957,,0.252,0.315,-111.2298,0.86974,797,39,,0.284,0.248
116,House,21564,24,8.0,OH,200,,,"DAVIDSON, Warren",D000626,1970,,0.656,-0.36,-172.14704,0.80596,798,82,,0.676,-0.42
116,House,21759,24,12.0,OH,200,,,"BALDERSON, Troy",B001306,1962,,0.46,0.199,-86.39445,0.89883,810,33,,0.418,0.477
116,House,21924,24,16.0,OH,200,,,"GONZALEZ, Anthony",G000588,1984,,0.24,0.315,-118.1166,0.8629,801,41,,0.285,0.245
116,House,29550,24,1.0,OH,200,,,"CHABOT, Steve",C000266,1953,,0.542,-0.137,-102.55393,0.88121,811,35,,0.493,0.232
116,House,20344,53,4.0,OK,200,,,"COLE, Tom",C001053,1949,,0.323,0.412,-120.57886,0.86153,809,45,,0.302,0.407
116,House,21355,53,2.0,OK,200,,,"MULLIN, Markwayne",M001190,1977,,0.534,0.248,-106.57386,0.85274,669,43,,0.553,0.078
116,House,21760,53,1.0,OK,200,,,"HERN, Kevin",H001082,1961,,0.68,-0.053,-100.25421,0.88277,804,42,,0.687,0.078
116,House,21933,53,5.0,OK,100,,,"HORN, Kendra",H001083,1976,,-0.169,0.519,-119.35155,0.86284,809,50,,-0.17,0.519
116,House,29393,53,3.0,OK,200,,,"LUCAS, Frank D.",L000491,1960,,0.361,0.452,-64.17791,0.91933,763,25,,0.338,0.609
116,House,15410,72,4.0,OR,100,,,"DeFAZIO, Peter Anthony",D000191,1947,,-0.427,-0.002,-60.42615,0.92509,776,19,,-0.316,-0.342
116,House,20944,72,5.0,OR,100,,,"SCHRADER, Kurt",S001180,1951,,-0.182,0.054,-120.11496,0.85944,793,52,,-0.139,0.103
116,House,21198,72,1.0,OR,100,,,"BONAMICI, Suzanne",B001278,1954,,-0.398,-0.417,-18.00095,0.97802,810,6,,-0.448,-0.437
116,House,29588,72,3.0,OR,100,,,"BLUMENAUER, Earl",B000574,1948,,-0.426,-0.626,-28.1302,0.96545,800,13,,-0.473,-0.831
116,House,29932,72,2.0,OR,200,,,"WALDEN, Greg",W000791,1957,,0.333,-0.011,-131.97424,0.8481,801,54,,0.281,0.191
116,House,20946,14,15.0,PA,200,,,"THOMPSON, Glenn",T000467,1959,,0.335,0.334,-90.99879,0.8912,790,35,,0.336,0.403
116,House,21167,14,16.0,PA,200,,,"KELLY, Mike",K000376,1948,,0.377,0.396,-128.85542,0.84862,785,61,,0.457,0.159
116,House,21170,14,12.0,PA,200,,,"MARINO, Thomas A.",M001179,1952,,0.352,0.477,-0.28897,0.98751,23,0,,0.0,0.0
116,House,21356,14,10.0,PA,200,,,"PERRY, Scott",P000605,1962,,0.683,-0.482,-176.95174,0.79932,790,103,,0.582,-0.304
116,House,21358,14,8.0,PA,100,,,"CARTWRIGHT, Matt",C001090,1961,,-0.344,0.042,-24.20916,0.96948,781,4,,-0.305,-0.02
116,House,21548,14,2.0,PA,100,,,"BOYLE, Brendan Francis",B001296,1977,,-0.381,0.152,-37.8116,0.954,803,18,,-0.392,-0.186
116,House,21566,14,3.0,PA,100,,,"EVANS, Dwight",E000296,1954,,-0.468,-0.156,-12.53659,0.98437,796,1,,-0.502,-0.076
116,House,21718,14,1.0,PA,200,,,"FITZPATRICK, Brian K.",F000466,1973,,0.14,-0.105,-173.23081,0.80574,802,66,,0.146,-0.124
116,House,21745,14,11.0,PA,200,,,"SMUCKER, Lloyd K.",S001199,1964,,0.453,0.134,-78.48281,0.90225,763,31,,0.441,0.197
116,House,21756,14,17.0,PA,100,,,"LAMB, Conor",L000588,1984,,-0.143,0.212,-119.40512,0.86231,806,61,,-0.14,0.297
116,House,21762,14,5.0,PA,100,,,"SCANLON, Mary Gay",S001205,1959,,-0.454,-0.211,-18.50071,0.97736,808,6,,-0.534,0.121
116,House,21763,14,7.0,PA,100,,,"WILD, Susan",W000826,1957,,-0.261,0.305,-69.40101,0.9173,804,31,,-0.365,0.641
116,House,21915,14,4.0,PA,100,,,"DEAN, Madeleine",D000631,1959,,-0.452,-0.068,-13.52874,0.9834,808,5,,-0.514,0.075
116,House,21934,14,6.0,PA,100,,,"HOULAHAN, Christina",H001085,1967,,-0.258,0.22,-50.79595,0.93914,809,23,,-0.312,0.549
116,House,21936,14,13.0,PA,200,,,"JOYCE, John",J000302,1957,,0.579,-0.021,-86.02129,0.89417,769,38,,0.535,0.174
116,House,21945,14,9.0,PA,200,,,"MEUSER, Dan",M001204,1964,,0.492,0.193,-104.67237,0.87381,776,50,,0.559,0.414
116,House,21956,14,14.0,PA,200,,,"RESCHENTHALER, Guy",R000610,1983,,0.444,0.056,-112.16626,0.86461,771,49,,0.358,0.386
116,House,21985,14,12.0,PA,200,,,"KELLER, Fred",K000395,1965,,0.498,0.171,-75.07824,0.88348,606,31,,0.507,0.097
116,House,29561,14,18.0,PA,100,,,"DOYLE, Michael F.",D000482,1953,,-0.331,0.099,-36.44292,0.95435,780,14,,-0.46,-0.347
116,House,21992,92,0.0,PR,200,,,"GONZÁLEZ-CÓLON, Jenniffer",G000582,1976,,0.221,0.456,-63.06844,0.72486,196,25,,0.294,0.181
116,House,20136,5,2.0,RI,100,,,"LANGEVIN, James",L000559,1964,,-0.375,0.114,-33.49212,0.95935,807,8,,-0.292,0.018
116,House,21172,5,1.0,RI,100,,,"CICILLINE, David N.",C001084,1961,,-0.389,-0.262,-23.3429,0.97131,802,8,,-0.428,-0.136
116,House,20138,48,2.0,SC,200,,,"WILSON, Addison Graves (Joe)",W000795,1947,,0.53,0.16,-112.99858,0.86449,776,52,,0.497,0.13
116,House,21174,48,3.0,SC,200,,,"DUNCAN, Jeff",D000615,1966,,0.695,-0.095,-106.34611,0.87345,786,43,,0.714,-0.132
116,House,21359,48,7.0,SC,200,,,"RICE, Tom",R000597,1957,,0.558,-0.217,-177.68236,0.79904,792,84,,0.63,-0.319
116,House,21753,48,5.0,SC,200,,,"NORMAN, Ralph",N000190,1953,,0.848,-0.382,-94.13246,0.88645,781,39,,0.822,-0.184
116,House,21913,48,1.0,SC,100,,,"CUNNINGHAM, Joe",C001122,1982,,-0.131,0.49,-142.08536,0.83727,800,53,,-0.131,0.49
116,House,21974,48,4.0,SC,200,,,"TIMMONS, William",T000480,1984,,0.599,0.056,-84.35389,0.88461,688,32,,0.599,0.145
116,House,39301,48,6.0,SC,100,,,"CLYBURN, James Enos",C000537,1940,,-0.466,0.246,-26.6307,0.96418,730,9,,-0.386,0.083
116,House,21935,37,1.0,SD,200,,,"JOHNSON, Dustin",J000301,1976,,0.465,0.139,-107.9256,0.87525,810,36,,0.474,0.111
116,House,15019,54,5.0,TN,100,,,"COOPER, James Hayes Shofner",C000754,1954,,-0.164,-0.033,-91.72252,0.89155,799,23,,-0.264,0.252
116,House,20748,54,9.0,TN,100,,,"COHEN, Stephen",C001068,1949,,-0.39,-0.293,-26.06533,0.96775,795,12,,-0.406,-0.253
116,House,20947,54,1.0,TN,200,,,"ROE, David P. (Phil)",R000582,1945,,0.486,0.024,-95.09914,0.88577,784,39,,0.459,0.127
116,House,21178,54,3.0,TN,200,,,"FLEISCHMANN, Chuck",F000459,1962,,0.432,0.392,-92.92428,0.89174,811,43,,0.411,0.42
116,House,21179,54,4.0,TN,200,,,"DESJARLAIS, Scott",D000616,1964,,0.579,-0.05,-97.83092,0.88155,776,45,,0.562,0.005
116,House,21731,54,8.0,TN,200,,,"KUSTOFF, David",K000392,1966,,0.542,0.343,-68.43496,0.91702,790,27,,0.512,0.627
116,House,21905,54,2.0,TN,200,,,"BURCHETT, Timothy",B001309,1964,,0.667,-0.428,-145.47737,0.83354,799,51,,0.678,-0.311
116,House,21926,54,7.0,TN,200,,,"GREEN, Mark",G000590,1964,,0.671,0.019,-84.7167,0.88723,708,38,,0.704,0.041
116,House,21959,54,6.0,TN,200,,,"ROSE, John",R000612,1965,,0.666,0.115,-111.81352,0.86771,788,48,,0.673,0.048
116,House,20355,49,26.0,TX,200,,,"BURGESS, Michael C.",B001248,1950,,0.565,-0.164,-154.48699,0.82238,790,72,,0.611,-0.111
116,House,20356,49,31.0,TX,200,,,"CARTER, John R.",C001051,1941,,0.486,0.553,-133.02393,0.83258,726,60,,0.514,0.649
116,House,20527,49,1.0,TX,200,,,"GOHMERT, Louie",G000552,1953,,0.644,-0.406,-132.81057,0.8349,736,61,,0.709,-0.435
116,House,20529,49,9.0,TX,100,,,"GREEN, Al",G000553,1947,,-0.446,0.263,-28.47081,0.96534,807,13,,-0.42,-0.053
116,House,20530,49,10.0,TX,200,,,"McCAUL, Michael T.",M001157,1962,,0.411,0.172,-146.30499,0.83325,802,61,,0.323,0.263
116,House,20531,49,11.0,TX,200,,,"CONAWAY, K. Michael",C001062,1948,,0.593,0.367,-81.86616,0.90319,804,36,,0.612,0.494
116,House,20532,49,24.0,TX,200,,,"MARCHANT, Kenny",M001158,1951,,0.6,0.154,-117.73578,0.83197,640,45,,0.593,0.028
116,House,20533,49,28.0,TX,100,,,"CUELLAR, Henry",C001063,1955,,-0.225,0.634,-143.38912,0.83739,808,69,,-0.359,0.9
116,House,20948,49,22.0,TX,200,,,"OLSON, Pete",O000168,1962,,0.548,0.308,-97.94453,0.88099,773,41,,0.587,0.301
116,House,21182,49,17.0,TX,200,,,"FLORES, Bill",F000461,1954,,0.572,0.293,-108.65018,0.87044,783,40,,0.519,0.198
116,House,21360,49,14.0,TX,200,,,"WEBER, Randy",W000814,1953,,0.722,0.026,-104.16053,0.87348,770,44,,0.728,-0.032
116,House,21362,49,20.0,TX,100,,,"CASTRO, Joaquin",C001091,1974,,-0.399,-0.124,-31.76758,0.96019,782,11,,-0.618,-0.155
116,House,21364,49,25.0,TX,200,,,"WILLIAMS, Roger",W000816,1949,,0.595,0.055,-108.67472,0.87148,790,45,,0.565,0.095
116,House,21365,49,33.0,TX,100,,,"VEASEY, Marc",V000131,1971,,-0.407,0.355,-32.66991,0.96008,802,10,,-0.339,0.09
116,House,21366,49,34.0,TX,100,,,"VELA, Filemon",V000132,1963,,-0.311,0.407,-92.02718,0.89185,804,36,,-0.447,0.492
116,House,21549,49,4.0,TX,200,,,"RATCLIFFE, John",R000601,1965,,0.693,0.113,-74.52081,0.88536,612,34,,0.654,0.116
116,House,21550,49,23.0,TX,200,,,"HURD, William Ballard",H001073,1977,,0.287,0.228,-175.54897,0.80231,797,77,,0.219,0.277
116,House,21551,49,36.0,TX,200,,,"BABIN, Brian",B001291,1948,,0.711,0.114,-111.9571,0.86517,773,50,,0.708,0.03
116,House,21700,49,19.0,TX,200,,,"ARRINGTON, Jodey Cook",A000375,1972,,0.643,0.001,-127.01843,0.852,793,65,,0.655,-0.097
116,House,21722,49,15.0,TX,100,,,"GONZALEZ, Vicente Jr.",G000581,1967,,-0.382,0.837,-89.4517,0.89086,774,37,,-0.533,0.846
116,House,21758,49,27.0,TX,200,,,"CLOUD, Michael",C001115,1975,,0.689,-0.362,-146.38556,0.83297,801,70,,0.656,-0.272
116,House,21900,49,32.0,TX,100,,,"ALLRED, Colin",A000376,1983,,-0.422,0.723,-42.78089,0.94748,793,22,,-0.448,0.613
116,House,21911,49,2.0,TX,200,,,"CRENSHAW, Daniel",C001120,1984,,0.434,0.275,-89.6809,0.89383,799,46,,0.397,0.364
116,House,21917,49,16.0,TX,100,,,"ESCOBAR, Veronica",E000299,1969,,-0.47,-0.274,-26.29324,0.96775,802,10,,-0.387,-0.226
116,House,21919,49,7.0,TX,100,,,"FLETCHER, Elizabeth",F000468,1975,,-0.512,0.859,-74.31243,0.91213,808,30,,-0.445,0.84
116,House,21922,49,29.0,TX,100,,,"GARCIA, Sylvia",G000587,1950,,-0.78,0.318,-49.98768,0.94022,811,14,,-0.726,0.555
116,House,21925,49,5.0,TX,200,,,"GOODEN, Lance",G000589,1982,,0.721,-0.055,-89.00618,0.89396,794,31,,0.724,0.007
116,House,21961,49,21.0,TX,200,,,"ROY, Charles",R000614,1972,,0.8,-0.6,-139.01887,0.8392,793,54,,0.919,-0.395
116,House,21973,49,3.0,TX,200,,,"TAYLOR, Nicholas",T000479,1972,,0.581,-0.223,-148.7408,0.83168,807,68,,0.551,-0.114
116,House,21984,49,6.0,TX,200,,,"WRIGHT, Ron",W000827,1953,2021.0,0.711,-0.09,-67.09875,0.89632,613,24,,0.709,-0.095
116,House,29571,49,35.0,TX,100,,,"DOGGETT, Lloyd Alton, II",D000399,1946,,-0.403,-0.33,-40.58516,0.94955,784,12,,-0.41,-0.443
116,House,29572,49,13.0,TX,200,,,"THORNBERRY, William McClellan (Mac)",T000238,1958,,0.525,0.313,-106.92728,0.87159,778,48,,0.502,0.319
116,House,29573,49,18.0,TX,100,,,"JACKSON LEE, Sheila",J000032,1950,,-0.459,0.121,-21.44645,0.97345,797,10,,-0.558,-0.065
116,House,29760,49,8.0,TX,200,,,"BRADY, Kevin Patrick",B000755,1955,,0.52,0.239,-112.93704,0.86325,768,48,,0.579,0.307
116,House,29762,49,12.0,TX,200,,,"GRANGER, Kay",G000377,1943,,0.403,0.243,-108.03472,0.86191,727,51,,0.421,0.396
116,House,39305,49,30.0,TX,100,,,"JOHNSON, Eddie Bernice",J000126,1934,2023.0,-0.485,0.198,-22.5185,0.97193,791,9,,-0.405,0.011
116,House,20357,67,1.0,UT,200,,,"BISHOP, Robert (Rob)",B001250,1951,,0.537,0.105,-137.88969,0.83287,754,63,,0.573,0.028
116,House,21367,67,2.0,UT,200,,,"STEWART, Chris",S001192,1960,,0.499,0.167,-93.52269,0.88822,789,41,,0.535,0.266
116,House,21755,67,3.0,UT,200,,,"CURTIS, John R.",C001114,1960,,0.448,0.12,-117.64877,0.855,751,53,,0.54,0.052
116,House,21943,67,4.0,UT,100,,,"McADAMS, Ben",M001209,1974,,-0.069,0.294,-222.21133,0.75982,809,87,,-0.069,0.294
116,House,20750,6,1.0,VT,100,,,"WELCH, Peter",W000800,1947,,-0.407,-0.384,-22.96963,0.97124,787,9,,-0.53,-0.324
116,House,21994,96,1.0,VI,100,,,"PLASKETT, Stacey E.",P000610,1966,,-0.451,0.507,-11.60145,0.93758,180,5,,-0.327,0.219
116,House,20756,40,1.0,VA,200,,,"WITTMAN, Robert J.",W000804,1959,,0.448,0.02,-130.71623,0.85012,805,54,,0.528,0.142
116,House,20952,40,11.0,VA,100,,,"CONNOLLY, Gerald E. (Gerry)",C001078,1950,2025.0,-0.309,-0.047,-52.00006,0.93737,804,25,,-0.246,-0.077
116,House,21191,40,9.0,VA,200,,,"GRIFFITH, H. Morgan",G000568,1958,,0.512,-0.344,-185.37398,0.78847,780,78,,0.563,-0.363
116,House,21554,40,8.0,VA,100,,,"BEYER, Donald Sternoff Jr.",B001292,1950,,-0.394,-0.102,-18.50669,0.97693,793,6,,-0.345,-0.198
116,House,21736,40,4.0,VA,100,,,"MCEACHIN, Aston Donald",M001200,1961,2022.0,-0.381,-0.017,-38.3904,0.94487,677,15,,-0.301,-0.033
116,House,21908,40,6.0,VA,200,,,"CLINE, Benjamin",C001118,1972,,0.716,-0.207,-124.38926,0.85781,811,52,,0.703,-0.184
116,House,21941,40,2.0,VA,100,,,"LURIA, Elaine",L000591,1975,,-0.206,0.426,-111.21009,0.87052,802,54,,-0.177,0.381
116,House,21957,40,5.0,VA,200,,,"RIGGLEMAN, Denver",R000611,1970,,0.476,-0.018,-124.62104,0.84949,764,40,,0.478,-0.026
116,House,21966,40,7.0,VA,100,,,"SPANBERGER, Abigail",S001209,1979,,-0.196,0.3,-122.36775,0.85963,809,53,,-0.165,0.429
116,House,21983,40,10.0,VA,100,,,"WEXTON, Jennifer",W000825,1968,,-0.384,0.302,-30.39777,0.96312,809,18,,-0.413,0.493
116,House,39307,40,3.0,VA,100,,,"SCOTT, Robert C.",S000185,1947,,-0.45,-0.003,-39.421,0.9525,810,14,,-0.38,0.125
116,House,20145,73,2.0,WA,100,,,"LARSEN, Richard Ray (Rick)",L000560,1965,,-0.365,0.164,-38.98852,0.95278,806,10,,-0.374,0.122
116,House,20535,73,5.0,WA,200,,,"McMORRIS RODGERS, Cathy",M001159,1969,,0.436,0.098,-124.74686,0.85359,788,55,,0.409,-0.016
116,House,21187,73,3.0,WA,200,,,"HERRERA BEUTLER, Jaime",H001056,1978,,0.336,-0.129,-131.37222,0.81417,639,63,,0.285,-0.059
116,House,21368,73,6.0,WA,100,,,"KILMER, Derek",K000381,1974,,-0.316,0.005,-31.40947,0.96192,809,16,,-0.415,0.37
116,House,21369,73,10.0,WA,100,,,"HECK, Denny",H001064,1952,,-0.312,-0.128,-19.30426,0.9761,798,6,,-0.312,-0.199
116,House,21556,73,4.0,WA,200,,,"NEWHOUSE, Daniel Milton",N000189,1955,,0.318,0.328,-101.29993,0.87937,788,43,,0.331,0.282
116,House,21726,73,7.0,WA,100,,,"JAYAPAL, Pramila",J000298,1965,,-0.623,-0.548,-37.17865,0.95481,804,13,,-0.504,-0.824
116,House,21962,73,8.0,WA,100,,,"SCHRIER, Kim",S001216,1968,,-0.282,0.405,-40.06135,0.95169,809,19,,-0.348,0.448
116,House,29768,73,9.0,WA,100,,,"SMITH, Adam",S000510,1965,,-0.291,-0.166,-17.60625,0.97812,796,7,,-0.359,-0.216
116,House,31101,73,1.0,WA,100,,,"DelBENE, Suzan K.",D000617,1962,,-0.293,-0.204,-19.22,0.97649,808,2,,-0.353,-0.178
116,House,21188,56,1.0,WV,200,,,"McKINLEY, David",M001180,1947,,0.3,0.178,-138.81922,0.84268,811,57,,0.321,0.322
116,House,21557,56,2.0,WV,200,,,"MOONEY, Alex X.",M001195,1971,,0.568,-0.241,-164.44071,0.81565,807,67,,0.581,-0.283
116,House,21946,56,3.0,WV,200,,,"MILLER, Carol",M001205,1950,,0.526,0.109,-91.55217,0.89187,800,36,,0.469,0.299
116,House,14657,25,5.0,WI,200,,,"SENSENBRENNER, Frank James, Jr.",S000244,1943,,0.638,-0.579,-165.27996,0.78478,682,83,,0.573,-0.267
116,House,20537,25,4.0,WI,100,,,"MOORE, Gwendolynne S. (Gwen)",M001160,1951,,-0.522,-0.272,-32.73274,0.95986,799,15,,-0.433,-0.4
116,House,21189,25,7.0,WI,200,,,"DUFFY, Sean",D000614,1971,,0.511,-0.109,-100.93909,0.79459,439,46,,0.515,0.012
116,House,21370,25,2.0,WI,100,,,"POCAN, Mark",P000607,1964,,-0.525,-0.557,-32.71832,0.95983,798,12,,-0.472,-0.882
116,House,21559,25,6.0,WI,200,,,"GROTHMAN, Glenn",G000576,1955,,0.598,-0.204,-163.19527,0.81229,785,81,,0.606,-0.3
116,House,21720,25,8.0,WI,200,,,"GALLAGHER, Michael",G000579,1984,,0.437,0.033,-167.2892,0.80674,779,72,,0.411,-0.078
116,House,21970,25,1.0,WI,200,,,"STEIL, Bryan",S001213,1981,,0.418,0.062,-139.14155,0.84054,801,62,,0.421,-0.061
116,House,21989,25,7.0,WI,200,,,"TIFFANY, Thomas P.",T000165,1957,,0.643,-0.248,-18.0687,0.85223,113,8,,0.59,-0.238
116,House,29769,25,3.0,WI,100,,,"KIND, Ron",K000188,1963,,-0.26,-0.08,-67.15408,0.91781,783,24,,-0.261,0.178
116,House,21710,68,1.0,WY,200,,,"CHENEY, Liz",C001109,1966,,0.405,0.82,-138.67371,0.83577,773,58,,0.519,0.467
116,Senate,41705,41,0.0,AL,100,,,"JONES, Gordon Douglas (Doug)",J000300,1954,,-0.088,0.187,-80.32594,0.88065,632,33,,-0.081,0.234
116,Senate,94659,41,0.0,AL,200,,,"SHELBY, Richard C.",S000320,1934,,0.446,0.57,-45.74049,0.93334,663,27,,0.437,0.219
116,Senate,40300,81,0.0,AK,200,,,"MURKOWSKI, Lisa",M001153,1957,,0.206,-0.305,-48.41566,0.92523,623,12,,0.283,-0.424
116,Senate,41500,81,0.0,AK,200,,,"SULLIVAN, Daniel Scott",S001198,1964,,0.482,0.138,-54.38953,0.91961,649,23,,0.51,-0.04
116,Senate,21300,61,0.0,AZ,100,,,"SINEMA, Kyrsten",S001191,1976,,-0.105,0.076,-86.25793,0.86773,608,27,,-0.065,0.217
116,Senate,21501,61,0.0,AZ,200,,,"McSALLY, Martha",M001197,1966,,0.345,0.027,-35.62669,0.94281,605,13,,0.338,0.209
116,Senate,41905,61,0.0,AZ,100,,,"KELLY, Mark Edward",K000377,1964,,-0.256,0.293,-19.63075,0.64009,44,12,,-0.064,0.499
116,Senate,20101,42,0.0,AR,200,,,"BOOZMAN, John",B001236,1950,,0.427,0.338,-31.39801,0.95408,668,16,,0.354,0.245
116,Senate,21301,42,0.0,AR,200,,,"COTTON, Tom",C001095,1977,,0.581,0.187,-77.24208,0.88987,662,32,,0.471,-0.083
116,Senate,41701,71,0.0,CA,100,,,"HARRIS, Kamala Devi",H001075,1964,,-0.709,-0.105,-29.10452,0.90983,308,12,,-0.729,-0.137
116,Senate,49300,71,0.0,CA,100,,,"FEINSTEIN, Dianne",F000062,1933,2023.0,-0.268,-0.184,-78.11306,0.88838,660,24,,-0.263,-0.057
116,Senate,21112,62,0.0,CO,200,,,"GARDNER, Cory",G000562,1974,,0.444,-0.029,-48.59692,0.92807,651,21,,0.355,-0.009
116,Senate,40910,62,0.0,CO,100,,,"BENNET, Michael F.",B001267,1964,,-0.235,-0.18,-106.33708,0.82507,553,47,,-0.3,-0.144
116,Senate,20707,1,0.0,CT,100,,,"MURPHY, Christopher",M001169,1973,,-0.281,-0.237,-170.50686,0.77353,664,71,,-0.165,-0.323
116,Senate,41101,1,0.0,CT,100,,,"BLUMENTHAL, Richard",B001277,1946,,-0.434,-0.162,-109.98589,0.84693,662,47,,-0.456,-0.173
116,Senate,15015,11,0.0,DE,100,,,"CARPER, Thomas Richard",C000174,1947,,-0.179,-0.225,-105.49719,0.8531,664,29,,-0.19,-0.211
116,Senate,40916,11,0.0,DE,100,,,"COONS, Christopher A.",C001088,1963,,-0.236,-0.223,-77.12337,0.8873,645,30,,-0.21,-0.237
116,Senate,41102,43,0.0,FL,200,,,"RUBIO, Marco",R000595,1971,,0.616,-0.184,-52.05559,0.92141,636,26,,0.517,-0.102
116,Senate,41903,43,0.0,FL,200,,,"SCOTT, Richard Lynn (Rick)",S001217,1952,,0.713,-0.008,-75.78698,0.88865,642,30,,0.547,0.065
116,Senate,29909,44,0.0,GA,200,,,"ISAKSON, Johnny",I000055,1944,2021.0,0.402,-0.011,-10.54373,0.96184,271,2,,0.336,0.153
116,Senate,41501,44,0.0,GA,200,,,"PERDUE, David Alfred, Jr.",P000612,1949,,0.562,-0.075,-38.26812,0.93689,587,19,,0.474,0.156
116,Senate,41904,44,0.0,GA,200,,,"LOEFFLER, Kelly",L000594,1970,,0.555,-0.203,-18.40266,0.9218,226,7,,0.556,-0.201
116,Senate,20713,82,0.0,HI,100,,,"HIRONO, Mazie",H001042,1947,,-0.515,-0.099,-87.57077,0.87396,650,41,,-0.575,-0.002
116,Senate,41112,82,0.0,HI,100,,,"SCHATZ, Brian Emanuel",S001194,1972,,-0.448,-0.113,-97.57344,0.85736,634,42,,-0.466,-0.111
116,Senate,29345,63,0.0,ID,200,,,"CRAPO, Michael Dean",C000880,1951,,0.504,0.293,-33.19993,0.95123,664,16,,0.492,0.65
116,Senate,40902,63,0.0,ID,200,,,"RISCH, James",R000584,1943,,0.55,0.389,-28.04883,0.95777,650,11,,0.573,0.636
116,Senate,15021,21,0.0,IL,100,,,"DURBIN, Richard Joseph",D000563,1944,,-0.347,-0.305,-134.0038,0.81549,657,69,,-0.287,-0.12
116,Senate,21325,21,0.0,IL,100,,,"DUCKWORTH, Tammy",D000622,1968,,-0.342,0.066,-95.85436,0.8621,646,36,,-0.376,0.208
116,Senate,21133,22,0.0,IN,200,,,"YOUNG, Todd",Y000064,1972,,0.439,-0.026,-68.14644,0.90119,655,31,,0.46,-0.329
116,Senate,41900,22,0.0,IN,200,,,"BRAUN, Michael",B001310,1954,,0.8,0.6,-61.55663,0.91133,663,29,,0.837,0.335
116,Senate,14226,31,0.0,IA,200,,,"GRASSLEY, Charles Ernest",G000386,1933,,0.361,-0.036,-57.53522,0.91627,658,21,,0.491,0.026
116,Senate,41502,31,0.0,IA,200,,,"ERNST, Joni",E000295,1970,,0.538,-0.036,-57.65882,0.91586,656,24,,0.544,-0.139
116,Senate,14852,32,0.0,KS,200,,,"ROBERTS, Charles Patrick (Pat)",R000307,1936,,0.413,-0.09,-23.41567,0.96396,638,2,,0.339,0.203
116,Senate,29722,32,0.0,KS,200,,,"MORAN, Jerry",M000934,1954,,0.414,0.219,-85.95764,0.86714,603,35,,0.452,-0.276
116,Senate,14921,51,0.0,KY,200,,,"McCONNELL, Addison Mitchell (Mitch)",M000355,1942,,0.403,0.023,-63.58881,0.9092,668,16,,0.297,0.201
116,Senate,41104,51,0.0,KY,200,,,"PAUL, Rand",P000603,1963,,0.891,-0.454,-175.88873,0.74844,607,91,,0.879,-0.477
116,Senate,20919,45,0.0,LA,200,,,"CASSIDY, Bill",C001075,1957,,0.464,-0.046,-48.41239,0.92592,629,23,,0.504,-0.06
116,Senate,41703,45,0.0,LA,200,,,"KENNEDY, John Neely",K000393,1951,,0.557,-0.14,-81.75075,0.88266,655,44,,0.681,-0.043
116,Senate,41300,2,0.0,ME,328,,,"KING, Angus Stanley, Jr.",K000383,1944,,-0.169,-0.201,-83.48483,0.88252,668,33,,-0.167,-0.201
116,Senate,49703,2,0.0,ME,200,,,"COLLINS, Susan Margaret",C001035,1952,,0.121,-0.508,-57.92372,0.91694,668,16,,0.139,-0.404
116,Senate,15408,52,0.0,MD,100,,,"CARDIN, Benjamin Louis",C000141,1943,,-0.32,-0.224,-108.96699,0.84674,655,38,,-0.277,-0.113
116,Senate,20330,52,0.0,MD,100,,,"VAN HOLLEN, Christopher",V000128,1959,,-0.396,-0.221,-103.63513,0.85609,667,37,,-0.38,-0.333
116,Senate,14435,3,0.0,MA,100,,,"MARKEY, Edward John",M000133,1946,,-0.516,-0.468,-66.15825,0.8951,597,22,,-0.625,-0.759
116,Senate,41301,3,0.0,MA,100,,,"WARREN, Elizabeth",W000817,1949,,-0.742,-0.363,-14.36464,0.96622,418,3,,-0.792,-0.434
116,Senate,20923,23,0.0,MI,100,,,"PETERS, Gary C.",P000595,1958,,-0.248,-0.184,-105.72862,0.85341,667,45,,-0.296,-0.027
116,Senate,29732,23,0.0,MI,100,,,"STABENOW, Deborah Ann",S000770,1950,,-0.343,-0.019,-114.85185,0.83502,637,58,,-0.397,-0.108
116,Senate,40700,33,0.0,MN,100,,,"KLOBUCHAR, Amy",K000367,1960,,-0.278,-0.335,-150.58696,0.73356,486,80,,-0.476,-0.367
116,Senate,41706,33,0.0,MN,100,,,"SMITH, Tina",S001203,1958,,-0.406,-0.098,-81.79298,0.88377,662,36,,-0.413,-0.032
116,Senate,29534,46,0.0,MS,200,,,"WICKER, Roger F.",W000437,1951,,0.377,0.341,-27.94775,0.95897,667,8,,0.364,0.196
116,Senate,41707,46,0.0,MS,200,,,"HYDE-SMITH, Cindy",H001079,1959,,0.452,0.327,-25.41332,0.962,656,9,,0.363,0.38
116,Senate,29735,34,0.0,MO,200,,,"BLUNT, Roy",B000575,1950,,0.398,0.18,-26.60674,0.96013,654,6,,0.341,0.156
116,Senate,41901,34,0.0,MO,200,,,"HAWLEY, Joshua David",H001089,1979,,0.835,-0.383,-109.42786,0.84806,664,37,,0.618,-0.383
116,Senate,21338,64,0.0,MT,200,,,"DAINES, Steve",D000618,1962,,0.591,-0.034,-65.53644,0.90506,657,25,,0.58,-0.214
116,Senate,40702,64,0.0,MT,100,,,"TESTER, Jon",T000464,1956,,-0.213,0.153,-88.218,0.87235,646,35,,-0.237,0.158
116,Senate,41302,35,0.0,NE,200,,,"FISCHER, Debra (Deb)",F000463,1951,,0.462,0.327,-25.12612,0.96168,643,8,,0.48,0.486
116,Senate,41503,35,0.0,NE,200,,,"SASSE, Benjamin Eric",S001197,1972,,0.669,-0.25,-41.30191,0.93788,644,15,,0.717,-0.012
116,Senate,21743,65,0.0,NV,100,,,"ROSEN, Jacklyn Sheryl",R000608,1957,,-0.286,0.315,-67.18215,0.90377,664,22,,-0.321,0.339
116,Senate,41700,65,0.0,NV,100,,,"CORTEZ MASTO, Catherine Marie",C001113,1964,,-0.356,0.323,-62.93497,0.90957,664,24,,-0.354,0.337
116,Senate,40906,4,0.0,NH,100,,,"SHAHEEN, Jeanne",S001181,1947,,-0.228,-0.137,-80.7643,0.88498,661,29,,-0.216,-0.036
116,Senate,41702,4,0.0,NH,100,,,"HASSAN, Margaret (Maggie)",H001076,1958,,-0.231,0.032,-76.81195,0.89138,668,29,,-0.214,0.006
116,Senate,29373,12,0.0,NJ,100,,,"MENENDEZ, Robert",M000639,1954,,-0.366,-0.126,-122.74105,0.83123,664,52,,-0.382,-0.125
116,Senate,41308,12,0.0,NJ,100,,,"BOOKER, Cory Anthony",B001288,1969,,-0.556,-0.255,-53.37008,0.8771,407,23,,-0.551,-0.382
116,Senate,20930,66,0.0,NM,100,,,"HEINRICH, Martin",H001046,1971,,-0.334,-0.009,-119.35397,0.83059,643,54,,-0.393,-0.015
116,Senate,29924,66,0.0,NM,100,,,"UDALL, Thomas (Tom)",U000039,1948,,-0.453,0.161,-82.54995,0.88176,656,36,,-0.435,0.04
116,Senate,14858,13,0.0,NY,100,,,"SCHUMER, Charles Ellis (Chuck)",S000148,1950,,-0.355,-0.419,-105.47867,0.85393,668,39,,-0.416,-0.387
116,Senate,20735,13,0.0,NY,100,,,"GILLIBRAND, Kirsten",G000555,1966,,-0.453,-0.338,-114.52895,0.81681,566,65,,-0.654,-0.349
116,Senate,29548,47,0.0,NC,200,,,"BURR, Richard M.",B001135,1955,,0.435,-0.07,-25.13575,0.95773,582,5,,0.342,0.189
116,Senate,41504,47,0.0,NC,200,,,"TILLIS, Thomas Roland (Thom)",T000476,1960,,0.388,-0.102,-45.99424,0.92992,633,14,,0.426,0.202
116,Senate,21350,36,0.0,ND,200,,,"CRAMER, Kevin",C001096,1961,,0.397,0.371,-23.63425,0.96435,651,7,,0.373,0.247
116,Senate,41107,36,0.0,ND,200,,,"HOEVEN, John",H001061,1957,,0.399,0.452,-27.18319,0.95947,657,15,,0.371,0.274
116,Senate,29386,24,0.0,OH,200,,,"PORTMAN, Robert Jones (Rob)",P000449,1955,,0.371,-0.208,-28.7474,0.95732,659,6,,0.314,0.104
116,Senate,29389,24,0.0,OH,100,,,"BROWN, Sherrod",B000944,1952,,-0.425,-0.097,-136.01978,0.81299,657,59,,-0.374,-0.106
116,Senate,15424,53,0.0,OK,200,,,"INHOFE, James Mountain",I000024,1934,2024.0,0.552,0.045,-46.16816,0.93133,649,27,,0.617,-0.005
116,Senate,21166,53,0.0,OK,200,,,"LANKFORD, James",L000575,1968,,0.591,0.148,-33.31716,0.95135,668,14,,0.687,0.296
116,Senate,14871,72,0.0,OR,100,,,"WYDEN, Ronald Lee",W000779,1949,,-0.332,-0.486,-122.89495,0.82963,658,65,,-0.376,-0.627
116,Senate,40908,72,0.0,OR,100,,,"MERKLEY, Jeff",M001176,1956,,-0.453,-0.737,-78.05093,0.88894,663,30,,-0.409,-0.724
116,Senate,29935,14,0.0,PA,200,,,"TOOMEY, Patrick Joseph",T000461,1961,,0.624,-0.378,-63.42411,0.90579,641,28,,0.707,-0.107
116,Senate,40703,14,0.0,PA,100,,,"CASEY, Robert (Bob), Jr.",C001070,1960,,-0.313,0.166,-100.38484,0.86047,668,50,,-0.339,0.197
116,Senate,29142,5,0.0,RI,100,,,"REED, John F. (Jack)",R000122,1949,,-0.362,-0.169,-117.2468,0.83858,666,61,,-0.313,-0.076
116,Senate,40704,5,0.0,RI,100,,,"WHITEHOUSE, Sheldon",W000802,1955,,-0.354,-0.111,-130.72371,0.80823,614,54,,-0.291,0.019
116,Senate,21173,48,0.0,SC,200,,,"SCOTT, Tim",S001184,1965,,0.631,0.012,-41.90843,0.93866,662,19,,0.557,0.093
116,Senate,29566,48,0.0,SC,200,,,"GRAHAM, Lindsey O.",G000359,1955,,0.367,-0.278,-31.05972,0.95248,638,11,,0.325,-0.006
116,Senate,29754,37,0.0,SD,200,,,"THUNE, John",T000250,1961,,0.433,0.225,-25.68556,0.96217,666,7,,0.394,0.28
116,Senate,41505,37,0.0,SD,200,,,"ROUNDS, Marion Michael (Mike)",R000605,1954,,0.352,0.079,-48.00938,0.92069,581,19,,0.437,0.388
116,Senate,20351,54,0.0,TN,200,,,"BLACKBURN, Marsha",B001243,1952,,0.632,0.14,-43.42882,0.93594,656,19,,0.695,0.164
116,Senate,40304,54,0.0,TN,200,,,"ALEXANDER, Lamar",A000360,1940,,0.324,-0.176,-28.71808,0.94821,540,9,,0.322,-0.086
116,Senate,40305,49,0.0,TX,200,,,"CORNYN, John",C001056,1952,,0.47,-0.064,-37.90591,0.94427,661,17,,0.44,0.093
116,Senate,41304,49,0.0,TX,200,,,"CRUZ, Rafael Edward (Ted)",C001098,1970,,0.781,-0.185,-51.09614,0.9221,630,25,,0.908,-0.418
116,Senate,41110,67,0.0,UT,200,,,"LEE, Mike",L000577,1971,,0.891,-0.454,-118.712,0.83493,658,71,,0.91,-0.414
116,Senate,41902,67,0.0,UT,200,,,"ROMNEY, Willard Mitt (Mitt)",R000615,1947,,0.286,0.294,-103.13902,0.85593,663,44,,0.39,0.705
116,Senate,14307,6,0.0,VT,100,,,"LEAHY, Patrick Joseph",L000174,1940,,-0.36,-0.121,-117.4496,0.83399,647,67,,-0.279,-0.04
116,Senate,29147,6,0.0,VT,328,,,"SANDERS, Bernard",S000033,1941,,-0.543,-0.42,-37.28539,0.88165,296,14,,-0.775,-0.467
116,Senate,40909,40,0.0,VA,100,,,"WARNER, Mark",W000805,1954,,-0.206,-0.037,-76.07882,0.88971,651,28,,-0.222,-0.019
116,Senate,41305,40,0.0,VA,100,,,"KAINE, Timothy Michael (Tim)",K000384,1958,,-0.242,-0.096,-86.02827,0.87674,654,33,,-0.255,0.005
116,Senate,39310,73,0.0,WA,100,,,"CANTWELL, Maria E.",C000127,1958,,-0.307,-0.404,-107.24407,0.85002,660,41,,-0.36,-0.36
116,Senate,49308,73,0.0,WA,100,,,"MURRAY, Patty",M001111,1950,,-0.354,-0.314,-85.9889,0.87241,630,34,,-0.4,-0.275
116,Senate,20146,56,0.0,WV,200,,,"CAPITO, Shelley Moore",C001047,1953,,0.282,0.144,-23.67525,0.96317,631,6,,0.326,0.177
116,Senate,40915,56,0.0,WV,100,,,"MANCHIN, Joe, III",M001183,1947,,-0.057,0.4,-70.45262,0.89802,655,19,,-0.052,0.388
116,Senate,29940,25,0.0,WI,100,,,"BALDWIN, Tammy",B001230,1962,,-0.488,-0.13,-127.51919,0.82574,666,62,,-0.396,-0.001
116,Senate,41111,25,0.0,WI,200,,,"JOHNSON, Ron",J000293,1955,,0.64,-0.138,-45.62243,0.93151,643,25,,0.61,0.017
116,Senate,40707,68,0.0,WY,200,,,"BARRASSO, John A.",B001261,1952,,0.538,0.198,-31.02652,0.95462,668,16,,0.602,0.323
116,Senate,49706,68,0.0,WY,200,,,"ENZI, Michael B.",E000285,1944,2021.0,0.545,0.199,-42.601,0.93551,639,16,,0.587,0.414
